WY,Period,Energy_HOSS,HOSS_Peak,HOSS_Min
1929,1,5005,7058,3359
1930,1,5057,7260,3376
1931,1,5087,7324,3318
1932,1,5127,7258,3355
1933,1,5191,7420,3367
1934,1,5231,7733,3381
1935,1,5253,7548,3384
1936,1,5262,7772,3401
1937,1,5272,7683,3422
1938,1,5273,7425,3371
1939,1,5299,7750,3428
1940,1,5305,7712,3402
1941,1,5376,7836,3417
1942,1,5388,7903,3397
1943,1,5390,7855,3400
1944,1,5390,7933,3455
1945,1,5402,7819,3379
1946,1,5411,7824,3376
1947,1,5434,7940,3382
1948,1,5442,7736,3414
1949,1,5455,8100,3450
1950,1,5464,7983,3435
1951,1,5472,7949,3419
1952,1,5479,7905,3426
1953,1,5480,8082,3461
1954,1,5491,8070,3433
1955,1,5515,7879,3422
1956,1,5526,8002,3424
1957,1,5527,8087,3455
1958,1,5531,8192,3402
1959,1,5539,8162,3460
1960,1,5555,8187,3480
1961,1,5583,8076,3387
1962,1,5588,8088,3451
1963,1,5591,8231,3452
1964,1,5602,8265,3419
1965,1,5610,8082,3423
1966,1,5620,8169,3432
1967,1,5627,8154,3431
1968,1,5646,8051,3440
1969,1,5660,8382,3465
1970,1,5662,8243,3443
1971,1,5665,8308,3510
1972,1,5670,8264,3429
1973,1,5675,8431,3519
1974,1,5680,8205,3448
1975,1,5682,8158,3492
1976,1,5685,8330,3459
1977,1,5699,8058,3397
1978,1,5700,8359,3558
1979,1,5702,8516,3523
1980,1,5717,8318,3467
1981,1,5741,8459,3515
1982,1,5753,8443,3474
1983,1,5760,8296,3485
1984,1,5778,8432,3499
1985,1,5784,8637,3520
1986,1,5788,8420,3523
1987,1,5795,8498,3531
1988,1,5806,8531,3482
1989,1,5822,8374,3515
1990,1,5832,8818,3533
1991,1,5850,8396,3508
1992,1,5865,8588,3492
1993,1,5898,8640,3497
1994,1,5941,8614,3527
1995,1,5955,8796,3522
1996,1,6067,8917,3583
1997,1,6155,9129,3598
1998,1,6328,9556,3694
1999,1,6446,9540,3701
2000,1,6466,9518,3764
2001,1,6493,9584,3747
2002,1,6638,9741,3749
2003,1,6639,9614,3825
2004,1,6760,9946,3882
2005,1,7414,10972,3954
2006,1,7980,11773,4107
2007,1,8298,12084,4379
2008,1,9063,12731,5258
1929,2,6339,9194,3523
1930,2,6381,9385,3584
1931,2,6435,9456,3755
1932,2,6509,9602,3661
1933,2,6622,9596,3823
1934,2,6706,9807,3787
1935,2,6729,9587,3613
1936,2,6769,9883,3676
1937,2,6786,9869,3722
1938,2,6832,9693,3650
1939,2,6915,10011,3877
1940,2,6936,10022,3853
1941,2,7021,9805,3690
1942,2,7035,10160,3969
1943,2,7072,10063,3859
1944,2,7131,10171,3970
1945,2,7135,10144,3947
1946,2,7180,10135,3724
1947,2,7181,10304,3938
1948,2,7186,10021,3878
1949,2,7196,10364,3898
1950,2,7197,10262,3980
1951,2,7281,10309,3791
1952,2,7283,10238,3952
1953,2,7290,10497,4029
1954,2,7308,10366,4021
1955,2,7329,10390,3988
1956,2,7330,10302,3992
1957,2,7333,10566,4008
1958,2,7347,10466,3979
1959,2,7355,10262,3780
1960,2,7391,10350,3948
1961,2,7393,10455,3961
1962,2,7401,10457,3966
1963,2,7423,10368,3786
1964,2,7427,10451,3919
1965,2,7430,10382,3828
1966,2,7438,10453,3875
1967,2,7457,10526,4142
1968,2,7483,10525,4007
1969,2,7494,10503,4004
1970,2,7494,10525,3948
1971,2,7507,10368,3855
1972,2,7513,10402,4054
1973,2,7515,10507,4063
1974,2,7519,10749,4061
1975,2,7542,10818,4079
1976,2,7572,10632,4040
1977,2,7585,10564,3821
1978,2,7609,10654,4201
1979,2,7647,10917,4185
1980,2,7699,10665,4218
1981,2,7724,10826,4115
1982,2,7758,10773,4125
1983,2,7759,10716,4056
1984,2,7777,10646,4018
1985,2,7780,10701,3959
1986,2,7781,10808,4106
1987,2,7807,10768,4020
1988,2,7812,10946,4183
1989,2,7861,11018,4237
1990,2,7934,10947,4069
1991,2,7951,10832,4203
1992,2,8064,11214,4212
1993,2,8212,11377,4324
1994,2,8343,11528,4295
1995,2,8457,11568,4233
1996,2,8853,11990,4671
1997,2,8928,12244,4526
1998,2,8964,12154,4549
1999,2,9072,12370,4624
2000,2,9086,12359,4670
2001,2,9447,12839,4777
2002,2,9461,12861,4996
2003,2,9563,12852,4860
2004,2,9783,13285,5052
2005,2,9892,13172,4853
2006,2,10434,13448,5326
2007,2,10485,13657,5390
2008,2,10696,13988,5545
1929,3,6796,10598,3541
1930,3,6837,10622,3486
1931,3,7188,10680,3587
1932,3,7252,10646,3629
1933,3,7282,10713,3662
1934,3,7371,10651,3752
1935,3,7397,10673,3667
1936,3,7420,10684,3835
1937,3,7433,10697,3693
1938,3,7434,10674,3669
1939,3,7486,10727,3823
1940,3,7521,10779,3790
1941,3,7550,10749,3754
1942,3,7587,10705,3796
1943,3,7612,10947,4094
1944,3,7661,10827,3813
1945,3,7830,11221,3964
1946,3,7840,11009,4005
1947,3,7856,11418,4152
1948,3,7886,11099,4070
1949,3,7944,11490,4120
1950,3,7982,11380,4154
1951,3,8054,11498,4111
1952,3,8077,11605,4257
1953,3,8131,11756,4381
1954,3,8174,11609,4362
1955,3,8227,11816,4383
1956,3,8281,11817,4380
1957,3,8283,12093,4829
1958,3,8462,12077,4515
1959,3,8536,12090,4777
1960,3,8608,12099,4591
1961,3,8681,12476,4708
1962,3,8692,12262,4684
1963,3,8754,12345,4609
1964,3,8754,12219,4717
1965,3,8838,12524,4815
1966,3,8871,12915,4917
1967,3,8904,13104,4818
1968,3,8949,12842,5031
1969,3,8951,12930,4903
1970,3,8957,12984,4999
1971,3,8997,12686,4982
1972,3,9105,12835,4930
1973,3,9114,12968,5048
1974,3,9116,13249,4994
1975,3,9140,13054,4965
1976,3,9146,12950,4917
1977,3,9161,12913,4893
1978,3,9183,13361,5516
1979,3,9366,13610,5070
1980,3,9424,13155,5270
1981,3,9432,13858,5367
1982,3,9460,13553,5375
1983,3,9480,13163,5345
1984,3,9573,13691,5475
1985,3,9590,13250,5444
1986,3,9717,13864,5646
1987,3,9748,13672,5452
1988,3,9815,14356,5903
1989,3,9972,14331,5989
1990,3,10010,14209,5785
1991,3,10053,14223,6142
1992,3,10228,14056,6419
1993,3,10236,13865,6437
1994,3,10281,13826,6962
1995,3,10344,14495,6448
1996,3,10637,13456,8780
1997,3,10807,13922,9153
1998,3,10823,14120,8643
1999,3,11205,14072,9530
2000,3,11242,14616,8794
2001,3,11268,13962,9670
2002,3,11778,15041,9471
2003,3,11805,14785,9855
2004,3,11949,15097,9737
2005,3,11975,14498,10016
2006,3,13030,15126,10666
2007,3,13409,14937,12016
2008,3,14305,15397,13512
1929,4,5381,8593,3238
1930,4,6027,9807,3252
1931,4,6187,9854,3360
1932,4,6630,10293,3500
1933,4,6641,10183,3385
1934,4,6695,10419,3415
1935,4,6697,10251,3439
1936,4,6726,10342,3440
1937,4,6742,10270,3472
1938,4,6834,10285,3423
1939,4,7057,10415,3496
1940,4,7370,10728,3661
1941,4,7382,10736,3744
1942,4,7483,10667,3582
1943,4,7498,11010,3783
1944,4,7622,10735,3654
1945,4,7662,11026,3726
1946,4,7725,10824,3791
1947,4,7736,10883,3727
1948,4,8077,11527,3954
1949,4,8183,11579,3983
1950,4,8484,12099,4193
1951,4,8565,12526,4396
1952,4,8690,11923,4366
1953,4,8802,11872,4413
1954,4,8948,13019,4443
1955,4,9214,12896,4710
1956,4,9424,13450,4861
1957,4,9427,13950,5017
1958,4,9573,13609,5118
1959,4,9581,12834,4729
1960,4,9627,13884,5315
1961,4,9650,13295,5157
1962,4,9685,12779,4939
1963,4,9695,13477,5448
1964,4,9784,13916,5373
1965,4,9842,13557,5319
1966,4,9918,14041,5317
1967,4,9936,14244,5766
1968,4,10155,14140,5801
1969,4,10202,13546,5399
1970,4,10204,14301,5861
1971,4,10339,14567,6158
1972,4,10370,14294,5983
1973,4,10420,13682,5993
1974,4,10483,13455,7386
1975,4,10570,13867,5891
1976,4,10832,14050,8204
1977,4,10947,13529,7829
1978,4,10968,14031,7176
1979,4,11023,13859,8899
1980,4,11091,13999,6738
1981,4,11134,14555,8844
1982,4,11321,15213,7981
1983,4,11535,14686,6949
1984,4,11659,14131,9007
1985,4,11787,14388,9042
1986,4,11869,14579,9883
1987,4,11881,13967,9768
1988,4,12058,14954,10090
1989,4,12141,14768,9126
1990,4,12207,14306,10232
1991,4,12257,14386,10047
1992,4,12318,14506,10459
1993,4,12663,15109,10001
1994,4,12712,15597,10670
1995,4,12779,14802,11169
1996,4,13142,15903,11159
1997,4,13301,15486,11391
1998,4,13311,15467,11309
1999,4,13473,15878,11295
2000,4,13524,15961,11400
2001,4,13678,15707,11583
2002,4,13843,16181,11516
2003,4,13960,15730,12547
2004,4,14281,15766,12937
2005,4,14667,16088,13583
2006,4,14894,16222,14095
2007,4,14949,16138,14521
2008,4,15090,16023,14749
1929,5,5201,8027,3220
1930,5,5815,9196,3265
1931,5,5830,9193,3342
1932,5,5962,9314,3284
1933,5,5981,9317,3328
1934,5,6298,9358,3303
1935,5,6370,9413,3332
1936,5,6425,9424,3359
1937,5,6717,9695,3384
1938,5,6747,9671,3451
1939,5,6829,9729,3470
1940,5,6848,9898,3475
1941,5,6879,9842,3559
1942,5,6942,9757,3613
1943,5,6971,9765,3478
1944,5,7004,9924,3495
1945,5,7008,10197,3640
1946,5,7085,9985,3478
1947,5,7154,10071,3486
1948,5,7173,10103,3575
1949,5,7392,10260,3956
1950,5,7540,10583,3616
1951,5,7831,11125,3730
1952,5,7865,11315,4109
1953,5,8033,11634,4405
1954,5,8057,11477,3947
1955,5,8116,11650,4103
1956,5,8149,11657,3988
1957,5,8377,12067,5017
1958,5,8485,12173,4151
1959,5,8487,12352,4564
1960,5,8649,12584,4485
1961,5,8705,12503,5582
1962,5,8810,12766,4698
1963,5,8982,12900,4424
1964,5,9153,12390,4984
1965,5,9176,13021,4440
1966,5,9387,13692,4728
1967,5,9422,13548,5647
1968,5,9476,12579,5412
1969,5,9630,13920,5509
1970,5,9697,13749,5697
1971,5,9769,14082,5495
1972,5,9874,14294,5485
1973,5,9904,13243,5967
1974,5,10191,14328,5998
1975,5,10194,14552,5981
1976,5,10230,13957,5910
1977,5,10492,14936,6009
1978,5,10562,14840,6517
1979,5,10566,14116,6096
1980,5,10598,14880,6102
1981,5,10615,14449,6604
1982,5,10650,14206,6769
1983,5,10768,14562,6740
1984,5,10856,13999,8040
1985,5,10921,14528,6541
1986,5,11010,14544,8022
1987,5,11035,14167,8391
1988,5,11289,14761,7125
1989,5,11354,15130,7492
1990,5,11464,14758,8228
1991,5,11507,14903,7909
1992,5,11849,15002,8258
1993,5,11909,15613,7943
1994,5,12166,15113,9843
1995,5,12791,15434,10759
1996,5,12966,15487,9966
1997,5,13108,15524,10547
1998,5,13388,15618,11295
1999,5,13466,15449,12285
2000,5,13618,15854,11106
2001,5,13619,15858,11299
2002,5,13705,15003,12487
2003,5,13774,15564,12069
2004,5,13810,15745,11704
2005,5,13935,15805,12870
2006,5,13963,15753,12319
2007,5,14742,16034,13308
2008,5,15024,15986,14209
1929,6,6241,9854,3618
1930,6,6369,10036,3642
1931,6,6435,9985,3607
1932,6,6463,10119,3733
1933,6,6512,10240,3679
1934,6,6558,10333,3801
1935,6,6665,10532,3582
1936,6,6776,10639,3814
1937,6,6780,10511,3796
1938,6,6853,10618,3902
1939,6,6935,10792,3813
1940,6,6950,10711,3864
1941,6,6950,10981,3651
1942,6,7076,11042,3871
1943,6,7123,11235,3729
1944,6,7299,11212,4174
1945,6,7485,11710,4092
1946,6,7529,11972,3961
1947,6,7537,11906,4269
1948,6,7583,11771,4380
1949,6,7671,11581,4268
1950,6,7837,11892,4002
1951,6,7931,12165,4646
1952,6,7939,11855,5238
1953,6,7972,11904,5100
1954,6,8662,13377,5132
1955,6,8692,11990,5049
1956,6,8864,11815,5389
1957,6,9004,13254,5330
1958,6,9008,13194,5498
1959,6,9166,12297,5466
1960,6,9178,11876,5608
1961,6,9279,13260,5473
1962,6,9320,13667,5527
1963,6,9392,13356,6435
1964,6,9491,13136,5974
1965,6,9500,12908,5970
1966,6,9540,12284,5793
1967,6,9747,13341,6178
1968,6,9753,13690,5837
1969,6,9785,14398,6376
1970,6,9915,13605,6159
1971,6,9927,13160,6169
1972,6,9931,12380,6792
1973,6,9935,12398,6874
1974,6,10067,14140,6303
1975,6,10171,13417,7175
1976,6,10220,12414,7305
1977,6,10242,13693,6874
1978,6,10253,13056,6846
1979,6,10312,13004,6647
1980,6,10378,13338,6512
1981,6,10460,14515,7571
1982,6,10477,13959,7018
1983,6,10491,13639,7302
1984,6,10686,12737,7986
1985,6,10758,13234,7544
1986,6,10879,13427,7710
1987,6,10896,13391,7618
1988,6,11145,13647,7848
1989,6,11164,14124,7176
1990,6,11329,14074,8204
1991,6,11402,13377,9211
1992,6,11485,14818,8269
1993,6,11539,14283,7851
1994,6,11618,14054,8340
1995,6,11742,13704,8919
1996,6,11828,14549,8299
1997,6,12099,14555,8690
1998,6,12402,14828,9338
1999,6,12406,14797,10405
2000,6,12455,14615,10881
2001,6,12655,14445,10640
2002,6,12782,15182,9917
2003,6,13235,15004,11326
2004,6,13334,14924,10764
2005,6,13600,15026,12155
2006,6,13879,15142,12505
2007,6,14011,15087,13449
2008,6,14066,15266,12594
1929,7,5326,7354,3672
1930,7,5692,7586,3659
1931,7,6004,7998,3788
1932,7,6086,8088,3764
1933,7,6114,7981,4007
1934,7,6278,8211,4090
1935,7,6412,8429,4152
1936,7,6601,8726,3945
1937,7,6856,9039,4154
1938,7,6898,9068,4272
1939,7,7011,8997,4292
1940,7,7035,9096,4408
1941,7,7037,8996,4345
1942,7,7055,9001,4304
1943,7,7208,9273,4711
1944,7,7714,9930,5423
1945,7,7936,10480,4817
1946,7,7968,10235,5391
1947,7,8248,10453,5491
1948,7,8606,11358,5532
1949,7,8668,11471,5610
1950,7,8689,11721,5528
1951,7,8703,11604,5401
1952,7,8759,11635,5629
1953,7,9034,11557,5755
1954,7,9056,11237,5512
1955,7,9075,12098,5894
1956,7,9098,11192,5926
1957,7,9116,11935,6224
1958,7,9209,11357,5898
1959,7,9216,12037,6075
1960,7,9397,11586,5770
1961,7,9573,12960,6263
1962,7,9695,11956,5731
1963,7,9733,12724,6462
1964,7,9843,12559,6890
1965,7,10043,12546,6141
1966,7,10046,12011,6454
1967,7,10054,12797,7148
1968,7,10194,13289,6889
1969,7,10291,12415,6638
1970,7,10349,12365,6590
1971,7,10544,12899,7357
1972,7,10577,12914,7964
1973,7,10651,12676,6856
1974,7,10704,12759,6920
1975,7,10744,13074,7937
1976,7,10776,13682,7850
1977,7,11030,12915,7794
1978,7,11099,12673,9476
1979,7,11103,13209,7632
1980,7,11197,13355,8189
1981,7,11200,13172,7792
1982,7,11346,13177,8286
1983,7,11478,13344,8113
1984,7,11510,13349,8335
1985,7,11743,14068,10273
1986,7,11755,13687,8779
1987,7,11805,13444,9493
1988,7,11919,13634,9413
1989,7,11935,13842,8968
1990,7,11948,13375,10431
1991,7,12041,13762,9591
1992,7,12090,13918,9425
1993,7,12104,14107,8871
1994,7,12135,14071,9088
1995,7,12158,13660,9991
1996,7,12242,13531,10985
1997,7,12353,14007,9609
1998,7,12388,14345,9250
1999,7,12407,13965,10876
2000,7,12420,14016,10826
2001,7,12440,14087,10107
2002,7,12480,14053,9914
2003,7,12492,14551,9012
2004,7,12692,14143,10589
2005,7,12745,14127,11448
2006,7,12986,14064,12326
2007,7,13376,14170,12737
2008,7,13548,14614,13180
1929,8,4095,5437,3044
1930,8,5757,7348,3416
1931,8,5920,8014,3732
1932,8,6099,8024,3743
1933,8,6306,8023,3682
1934,8,6317,8011,3867
1935,8,6325,8009,3812
1936,8,6341,8566,3966
1937,8,6742,9085,4410
1938,8,6946,8872,3825
1939,8,7001,8984,4136
1940,8,7118,9089,4376
1941,8,7251,9366,4229
1942,8,7322,9515,3824
1943,8,7688,9691,4646
1944,8,7828,9916,4653
1945,8,7836,10911,4777
1946,8,7899,10609,4570
1947,8,7908,10241,5037
1948,8,8053,11015,4960
1949,8,8162,11255,4756
1950,8,8214,11282,5052
1951,8,8236,10476,4904
1952,8,8307,10520,5009
1953,8,8326,10748,5324
1954,8,8329,10588,4801
1955,8,8436,10717,5543
1956,8,8456,11405,5490
1957,8,8456,10664,5345
1958,8,8517,10806,5634
1959,8,8538,10912,5009
1960,8,8540,10893,5887
1961,8,8754,11017,5627
1962,8,8908,11778,5841
1963,8,8922,11491,5276
1964,8,8993,11519,6259
1965,8,9068,12205,5777
1966,8,9202,11249,6855
1967,8,9278,11650,6803
1968,8,9327,11331,7355
1969,8,9402,12000,5974
1970,8,9451,11769,6888
1971,8,9457,11749,6064
1972,8,9573,11984,7002
1973,8,9798,12031,7088
1974,8,10184,12337,7623
1975,8,10204,12858,7624
1976,8,10271,12918,7653
1977,8,10281,12609,7458
1978,8,10319,12663,7930
1979,8,10392,12551,7769
1980,8,10516,12940,7875
1981,8,10756,13423,7841
1982,8,10813,12702,9209
1983,8,11088,13215,9151
1984,8,11108,12976,9403
1985,8,11122,13305,8638
1986,8,11437,13087,9835
1987,8,11473,13221,9630
1988,8,11531,13297,10243
1989,8,11550,13040,9984
1990,8,11583,13006,10295
1991,8,11678,13119,10688
1992,8,11894,13241,10891
1993,8,11918,13247,11043
1994,8,12004,13276,10755
1995,8,12048,13690,10687
1996,8,12063,13004,11547
1997,8,12233,13890,11231
1998,8,12305,13906,10505
1999,8,12305,13557,11326
2000,8,12360,13326,11806
2001,8,12401,13744,11394
2002,8,12434,13595,11125
2003,8,12497,13748,11625
2004,8,12605,13517,12512
2005,8,12739,13757,12773
2006,8,12837,13787,12858
2007,8,12896,14014,12838
2008,8,13031,13917,13065
1929,9,7342,10765,4330
1930,9,7454,10867,4826
1931,9,7482,11122,4783
1932,9,8166,12053,5066
1933,9,8381,12162,5137
1934,9,8391,12170,5317
1935,9,8479,12211,5386
1936,9,8724,12728,5452
1937,9,8727,12308,5487
1938,9,8735,12708,5602
1939,9,8963,12621,5921
1940,9,9178,12539,6080
1941,9,9388,12740,6372
1942,9,9431,13059,6245
1943,9,9514,13325,6636
1944,9,9554,13080,6551
1945,9,9576,12146,7318
1946,9,9593,13094,6423
1947,9,9671,13439,6385
1948,9,9817,13450,6651
1949,9,9875,13414,7083
1950,9,9907,13163,6713
1951,9,9920,13250,7017
1952,9,9949,13548,6939
1953,9,9950,13671,6976
1954,9,10080,13698,6879
1955,9,10113,13355,6715
1956,9,10198,12859,7764
1957,9,10259,13725,7118
1958,9,10278,13580,7174
1959,9,10346,12716,8062
1960,9,10356,13935,7270
1961,9,10405,13142,8022
1962,9,10483,14212,7506
1963,9,10504,13059,8062
1964,9,10532,12787,8097
1965,9,10695,13793,7700
1966,9,10708,12817,8136
1967,9,10757,13500,8299
1968,9,10760,12612,8810
1969,9,11197,14169,8233
1970,9,11216,13669,8012
1971,9,11296,13753,8916
1972,9,11299,13462,8815
1973,9,11318,13294,8786
1974,9,11369,13713,8781
1975,9,11471,14604,8726
1976,9,11512,12630,10226
1977,9,11565,14044,8770
1978,9,11570,13308,9606
1979,9,11636,13395,9851
1980,9,11719,13240,10165
1981,9,11897,13326,10401
1982,9,11942,14193,9679
1983,9,11954,13514,10153
1984,9,12000,14404,9440
1985,9,12035,13628,10246
1986,9,12046,13492,10397
1987,9,12112,13263,11315
1988,9,12149,14881,9651
1989,9,12231,14298,9779
1990,9,12300,13675,10660
1991,9,12333,13942,10829
1992,9,12343,13311,12252
1993,9,12359,14461,10231
1994,9,12471,14947,10497
1995,9,12597,14147,11265
1996,9,12745,13648,12654
1997,9,12751,13703,12552
1998,9,12786,13658,12666
1999,9,12802,13935,12441
2000,9,12826,13541,12823
2001,9,12902,14492,11133
2002,9,12931,13849,12865
2003,9,13020,13946,12868
2004,9,13051,13949,12875
2005,9,13117,14069,12916
2006,9,13121,14133,12479
2007,9,13136,14363,12097
2008,9,13208,14258,12851
1929,10,4734,6486,3358
1930,10,5207,7436,3417
1931,10,5945,8575,4509
1932,10,6160,9176,4269
1933,10,7271,10793,4428
1934,10,7453,11052,4672
1935,10,7575,10859,4613
1936,10,7734,11380,4691
1937,10,7754,11411,4602
1938,10,7837,11362,5261
1939,10,7933,11795,4893
1940,10,8327,11841,5541
1941,10,8479,12366,5568
1942,10,8669,12119,5961
1943,10,9337,11862,6775
1944,10,9495,12626,6325
1945,10,9637,12658,6970
1946,10,9668,11736,7074
1947,10,9677,12880,6828
1948,10,9772,12462,7449
1949,10,10047,12670,7474
1950,10,10205,13107,8055
1951,10,10240,11988,8755
1952,10,10413,13115,7161
1953,10,10496,12908,7909
1954,10,10588,13379,8409
1955,10,10598,14178,7882
1956,10,10667,13453,7782
1957,10,10865,13776,7993
1958,10,11294,13564,8762
1959,10,11480,13965,9359
1960,10,11499,13042,9404
1961,10,11521,13289,9283
1962,10,11661,13536,9477
1963,10,11678,13813,8929
1964,10,11694,13627,9226
1965,10,11873,14010,9552
1966,10,11905,13589,9672
1967,10,11934,13045,11365
1968,10,12049,13922,9944
1969,10,12104,14473,10204
1970,10,12109,14266,10321
1971,10,12184,13876,10246
1972,10,12200,13860,9967
1973,10,12224,14115,10405
1974,10,12270,14512,9980
1975,10,12297,14131,9701
1976,10,12350,13733,10846
1977,10,12369,13734,10881
1978,10,12370,13250,12369
1979,10,12411,14060,9880
1980,10,12444,13863,10817
1981,10,12554,13627,12223
1982,10,12564,13486,12538
1983,10,12768,13892,11861
1984,10,12784,13638,12887
1985,10,12800,14375,10671
1986,10,12852,13507,12734
1987,10,12888,13556,12870
1988,10,12897,14158,12251
1989,10,12900,13633,12886
1990,10,12930,14413,11701
1991,10,13021,14165,12210
1992,10,13035,13737,12873
1993,10,13136,14312,12642
1994,10,13194,14486,12632
1995,10,13230,14117,12966
1996,10,13246,13980,13307
1997,10,13246,14445,12257
1998,10,13288,14086,13146
1999,10,13364,14057,13461
2000,10,13371,14270,13361
2001,10,13426,14279,13326
2002,10,13491,14311,13205
2003,10,13607,15012,12088
2004,10,13617,14491,13449
2005,10,13647,14494,13779
2006,10,13717,14794,13471
2007,10,14045,14941,14013
2008,10,14260,14951,14160
1929,11,6358,9153,3727
1930,11,6723,9606,4074
1931,11,7267,10518,4521
1932,11,7315,10494,4970
1933,11,7355,10685,4527
1934,11,7377,10774,4362
1935,11,7468,10705,4998
1936,11,7527,10817,4802
1937,11,7547,10713,5380
1938,11,7593,10739,5417
1939,11,7734,10718,5768
1940,11,7770,10469,6306
1941,11,7813,10848,5942
1942,11,7865,10882,5997
1943,11,7996,11095,6091
1944,11,8063,11080,6364
1945,11,8197,10897,6773
1946,11,8245,10697,6772
1947,11,8274,11397,6457
1948,11,8280,11173,6702
1949,11,8389,11599,6293
1950,11,8571,11444,7112
1951,11,8602,11292,7120
1952,11,8654,11865,6620
1953,11,8736,11709,6867
1954,11,8827,11127,7119
1955,11,8887,11304,7253
1956,11,9119,11131,7315
1957,11,9181,11815,5918
1958,11,9210,10917,8184
1959,11,9259,11641,7514
1960,11,9294,11565,7403
1961,11,9387,12327,7661
1962,11,9447,11791,7578
1963,11,9449,11695,7548
1964,11,9681,11483,8642
1965,11,9682,11428,8662
1966,11,9703,11624,8618
1967,11,9734,11631,8612
1968,11,9846,12732,8183
1969,11,9858,12029,7969
1970,11,9875,11696,8769
1971,11,9886,11683,8793
1972,11,9926,12166,8283
1973,11,10079,11889,8989
1974,11,10211,11961,9080
1975,11,10253,12069,9154
1976,11,10269,12032,9242
1977,11,10275,12176,9085
1978,11,10281,12035,9277
1979,11,10394,12220,9275
1980,11,10401,12490,7966
1981,11,10402,12553,8524
1982,11,10408,12315,9218
1983,11,10560,12656,8726
1984,11,10572,12220,9634
1985,11,10686,12468,9605
1986,11,10799,12692,9236
1987,11,10822,12490,9874
1988,11,10847,12470,9917
1989,11,10941,12786,9708
1990,11,11034,12367,10194
1991,11,11058,12587,10141
1992,11,11156,12773,10224
1993,11,11193,13025,10006
1994,11,11251,13014,10188
1995,11,11266,12546,10600
1996,11,11300,13193,9360
1997,11,11331,12900,10359
1998,11,11347,13000,10241
1999,11,11375,12805,10519
2000,11,11464,13124,10417
2001,11,11495,12970,10665
2002,11,11499,12934,10566
2003,11,11647,13324,10437
2004,11,11658,12892,11087
2005,11,11759,13154,11053
2006,11,11788,13190,10963
2007,11,11978,13136,11604
2008,11,12491,13847,11668
1929,12,6093,8669,3806
1930,12,6409,9179,3887
1931,12,6634,9539,3932
1932,12,6680,9697,3944
1933,12,6728,9762,3933
1934,12,6737,9702,4059
1935,12,6739,9636,4086
1936,12,6823,9860,4097
1937,12,6872,10044,4186
1938,12,6944,10129,4289
1939,12,6945,10038,4234
1940,12,6983,10166,4345
1941,12,7014,10024,4654
1942,12,7046,10202,4403
1943,12,7068,10228,4355
1944,12,7107,9850,5539
1945,12,7164,10158,5103
1946,12,7222,10243,5266
1947,12,7278,10245,5529
1948,12,7352,10251,5672
1949,12,7359,10260,5790
1950,12,7387,10152,5837
1951,12,7401,10348,5472
1952,12,7407,10400,5491
1953,12,7417,10151,6000
1954,12,7443,10283,5796
1955,12,7504,10294,5972
1956,12,7514,10177,6252
1957,12,7574,10319,6347
1958,12,7579,10381,5992
1959,12,7599,10926,5036
1960,12,7613,10799,5408
1961,12,7835,10685,6564
1962,12,7851,10665,6403
1963,12,7886,10514,6546
1964,12,8070,10609,6740
1965,12,8097,10778,6876
1966,12,8134,11144,6072
1967,12,8204,10797,6689
1968,12,8234,10750,6856
1969,12,8236,10690,6850
1970,12,8240,10572,6797
1971,12,8261,10979,6845
1972,12,8368,10760,6846
1973,12,8377,10647,6858
1974,12,8513,10963,7060
1975,12,8527,10737,6845
1976,12,8577,10758,6884
1977,12,8619,10886,6958
1978,12,8696,10694,7157
1979,12,8765,10780,7152
1980,12,8847,10686,7928
1981,12,9008,10798,7991
1982,12,9014,10918,7829
1983,12,9110,10970,8032
1984,12,9129,10978,8098
1985,12,9162,10988,8160
1986,12,9275,11185,8142
1987,12,9379,11190,8306
1988,12,9401,11265,8336
1989,12,9407,11258,8318
1990,12,9416,11160,8518
1991,12,9420,11065,8575
1992,12,9445,11223,8417
1993,12,9455,11291,8342
1994,12,9493,11325,8398
1995,12,9500,11460,8260
1996,12,9507,11372,8373
1997,12,9519,11448,8232
1998,12,9519,11298,8331
1999,12,9578,11470,8448
2000,12,9599,11442,8501
2001,12,9669,11460,8478
2002,12,9671,11471,8574
2003,12,9686,11554,8643
2004,12,9842,11544,8958
2005,12,9847,11599,8848
2006,12,9865,11599,8884
2007,12,9989,11657,8946
2008,12,10211,11689,9293
1929,13,5312,7144,3714
1930,13,5341,6802,3784
1931,13,5377,6822,3830
1932,13,5428,6941,3638
1933,13,5442,7026,3711
1934,13,5472,6942,3809
1935,13,5576,7095,3930
1936,13,5613,7297,3819
1937,13,5634,7175,3714
1938,13,5648,7254,3877
1939,13,5672,7158,3929
1940,13,5703,7515,3812
1941,13,5728,7277,3866
1942,13,5757,7356,3692
1943,13,5759,7856,3761
1944,13,5816,7799,3976
1945,13,5833,7481,3837
1946,13,5859,7700,3825
1947,13,5863,7357,4133
1948,13,5877,7438,4014
1949,13,5912,7596,3862
1950,13,5916,7585,3943
1951,13,5927,7523,4031
1952,13,5993,7782,3839
1953,13,6037,8112,4007
1954,13,6060,7666,4054
1955,13,6071,7724,3955
1956,13,6076,7811,4258
1957,13,6106,8403,3625
1958,13,6228,8121,4099
1959,13,6248,8510,3952
1960,13,6289,8196,4075
1961,13,6478,8196,4523
1962,13,6548,8832,4254
1963,13,6604,9144,4172
1964,13,6606,8954,4160
1965,13,6619,8812,4345
1966,13,6626,9155,4141
1967,13,6673,8814,4168
1968,13,6725,9345,4234
1969,13,6747,9133,4054
1970,13,6812,9387,4218
1971,13,6833,8953,4262
1972,13,6920,8878,4418
1973,13,6922,9363,4257
1974,13,6930,9473,4083
1975,13,7031,9424,4194
1976,13,7096,9611,4203
1977,13,7204,9922,4534
1978,13,7267,9770,4442
1979,13,7463,10027,4550
1980,13,7551,10068,4769
1981,13,7563,10008,4647
1982,13,7700,10256,5580
1983,13,7769,10374,5025
1984,13,8121,10682,6105
1985,13,8220,11028,5274
1986,13,8431,10892,6010
1987,13,8518,10994,6579
1988,13,8903,11415,6936
1989,13,8950,11374,7117
1990,13,9046,11263,7458
1991,13,9072,11183,7394
1992,13,9254,11143,8166
1993,13,9291,11416,7585
1994,13,9307,11108,8299
1995,13,9371,11353,7964
1996,13,9412,11198,8433
1997,13,9418,11119,8440
1998,13,9584,11418,8560
1999,13,9590,11311,8636
2000,13,9663,11453,8656
2001,13,9724,11588,8718
2002,13,9748,11486,8746
2003,13,9753,11524,8761
2004,13,9778,11655,8792
2005,13,9794,11716,8741
2006,13,9798,11650,8718
2007,13,10100,11813,9250
2008,13,10426,12055,9503
1929,14,4620,6823,3314
1930,14,4865,7168,3402
1931,14,5203,7346,3443
1932,14,5210,7273,3460
1933,14,5270,7312,3575
1934,14,5285,7418,3500
1935,14,5338,7629,3517
1936,14,5426,7532,3560
1937,14,5442,7688,3573
1938,14,5445,7748,3569
1939,14,5504,7777,3722
1940,14,5553,7951,3614
1941,14,5567,8006,3547
1942,14,5571,7916,3631
1943,14,5575,8041,3584
1944,14,5632,7883,3790
1945,14,5635,8126,3641
1946,14,5640,8117,3583
1947,14,5663,8090,3688
1948,14,5667,8062,3689
1949,14,5673,8076,3691
1950,14,5722,8068,3621
1951,14,5752,8237,3677
1952,14,5769,8285,3847
1953,14,5792,8439,3677
1954,14,5792,8344,3708
1955,14,5806,8370,3654
1956,14,5816,8632,3620
1957,14,5854,8255,3774
1958,14,5862,8558,3738
1959,14,5882,8394,3816
1960,14,5885,8454,3768
1961,14,5888,8420,3870
1962,14,5890,8528,3628
1963,14,5893,8571,3767
1964,14,5902,8419,3876
1965,14,5902,8451,3834
1966,14,5917,8586,3724
1967,14,5922,8537,3918
1968,14,5927,8493,3803
1969,14,5973,8598,3930
1970,14,5991,8642,3774
1971,14,6039,8749,3817
1972,14,6045,8812,3830
1973,14,6058,8748,3890
1974,14,6098,8739,3845
1975,14,6101,8840,3885
1976,14,6189,8874,3866
1977,14,6190,8842,4018
1978,14,6204,8905,3970
1979,14,6219,8974,3997
1980,14,6238,8954,3923
1981,14,6259,9023,3818
1982,14,6309,8889,4047
1983,14,6325,8990,4039
1984,14,6350,9070,4072
1985,14,6372,9101,3906
1986,14,6374,9072,3944
1987,14,6389,9008,4046
1988,14,6402,9044,3963
1989,14,6435,9170,3989
1990,14,6636,9262,4219
1991,14,6688,9406,4153
1992,14,6857,9570,4237
1993,14,6895,9632,4204
1994,14,6900,9429,4242
1995,14,6942,9828,4120
1996,14,7143,9834,4329
1997,14,7220,9835,4307
1998,14,7287,9955,4226
1999,14,7337,10270,4214
2000,14,7380,10316,4252
2001,14,7392,10575,4211
2002,14,7615,10761,4306
2003,14,7859,10780,4350
2004,14,7868,10632,4396
2005,14,8163,11127,4373
2006,14,9426,12430,5384
2007,14,9537,12305,7108
2008,14,10187,12482,8151
